,City,Country,Lat,Lng,Max Temp,Humidity,Cloudiness,Wind Speed,Date,Current Description
0,Punta Arenas,CL,-53.15,-70.9167,51.91,66,75,19.57,2022-04-20 17:30:17,broken clouds
1,Kosh-Agach,RU,50.0,88.6667,33.64,51,94,8.28,2022-04-20 17:32:34,overcast clouds
2,Busselton,AU,-33.65,115.3333,54.95,85,0,11.9,2022-04-20 17:32:35,clear sky
3,Charters Towers,AU,-20.1,146.2667,70.5,76,85,6.08,2022-04-20 17:32:35,overcast clouds
4,Bredasdorp,ZA,-34.5322,20.0403,70.14,45,62,5.26,2022-04-20 17:28:47,broken clouds
5,Talnakh,RU,69.4865,88.3972,-2.29,91,32,4.14,2022-04-20 17:32:36,scattered clouds
6,Castro,BR,-24.7911,-50.0119,73.74,45,15,4.0,2022-04-20 17:32:37,few clouds
7,Kodiak,US,57.79,-152.4072,36.91,87,0,4.61,2022-04-20 17:32:37,clear sky
8,Fort Nelson,CA,58.8053,-122.7002,27.99,40,75,0.0,2022-04-20 17:30:07,broken clouds
9,Porto Seguro,BR,-16.4497,-39.0647,82.92,65,75,8.05,2022-04-20 17:32:38,broken clouds
10,Zhuanghe,CN,39.7008,122.9911,48.94,89,0,5.73,2022-04-20 17:32:39,clear sky
11,Nikolskoye,RU,59.7035,30.7861,53.49,93,36,8.68,2022-04-20 17:32:39,scattered clouds
12,Cape Town,ZA,-33.9258,18.4232,74.08,49,0,5.01,2022-04-20 17:23:55,clear sky
13,Hilo,US,19.7297,-155.09,72.28,88,75,5.01,2022-04-20 17:29:19,broken clouds
14,Svetlogorsk,BY,52.6333,29.7333,41.72,99,100,2.04,2022-04-20 17:32:40,overcast clouds
15,Olinda,BR,-8.0089,-34.8553,82.13,78,40,9.22,2022-04-20 17:31:06,scattered clouds
16,Saskylakh,RU,71.9167,114.0833,-2.16,100,99,4.59,2022-04-20 17:32:41,overcast clouds
17,Gargalianoi,GR,37.0667,21.6333,54.21,75,3,1.43,2022-04-20 17:32:42,clear sky
18,Vao,NC,-22.6667,167.4833,74.88,70,0,8.19,2022-04-20 17:32:42,clear sky
19,Jamestown,US,42.097,-79.2353,46.53,44,0,8.05,2022-04-20 17:30:42,clear sky
20,Mataura,NZ,-46.1927,168.8643,56.48,99,99,5.21,2022-04-20 17:31:43,light rain
21,Srednekolymsk,RU,67.45,153.6833,2.55,96,46,1.81,2022-04-20 17:28:49,scattered clouds
22,Saldanha,ZA,-33.0117,17.9442,68.05,86,36,8.66,2022-04-20 17:32:43,scattered clouds
23,Guaira,BR,-20.3183,-48.3106,89.17,27,2,2.91,2022-04-20 17:32:44,clear sky
24,Bluff,NZ,-46.6,168.3333,56.8,97,99,5.08,2022-04-20 17:28:39,moderate rain
25,Dongying,CN,37.4564,118.4856,65.41,48,8,13.09,2022-04-20 17:32:45,clear sky
26,Thompson,CA,55.7435,-97.8558,28.56,59,75,9.22,2022-04-20 17:32:45,broken clouds
27,Nizhniy Tsasuchey,RU,50.5167,115.1333,32.59,45,0,15.61,2022-04-20 17:32:46,clear sky
28,Cromarty,GB,57.6805,-4.0339,62.42,58,0,9.22,2022-04-20 17:32:47,clear sky
29,Omboue,GA,-1.5746,9.2618,78.96,86,92,6.73,2022-04-20 17:30:51,overcast clouds
30,Khandbari,NP,27.3747,87.2039,67.35,73,71,1.61,2022-04-20 17:32:48,broken clouds
31,Johi,PK,26.6921,67.6133,85.48,29,79,13.62,2022-04-20 17:32:48,broken clouds
32,Biak,ID,-0.9131,122.8766,75.96,85,100,0.63,2022-04-20 17:32:49,overcast clouds
33,Rikitea,PF,-23.1203,-134.9692,78.51,69,16,16.2,2022-04-20 17:28:35,few clouds
34,Imeni Poliny Osipenko,RU,52.4201,136.4853,30.85,94,100,10.92,2022-04-20 17:32:50,overcast clouds
35,Ushuaia,AR,-54.8,-68.3,47.86,61,75,16.11,2022-04-20 17:28:43,broken clouds
36,Kapaa,US,22.0752,-159.319,71.92,89,75,14.97,2022-04-20 17:28:33,broken clouds
37,Port Macquarie,AU,-31.4333,152.9167,56.89,82,3,4.85,2022-04-20 17:29:28,clear sky
38,Quatre Cocos,MU,-20.2078,57.7625,77.11,80,85,6.15,2022-04-20 17:32:51,overcast clouds
39,Paita,PE,-5.0892,-81.1144,73.2,74,96,3.04,2022-04-20 17:32:52,overcast clouds
40,Sao Joao Da Barra,BR,-21.6403,-41.0511,84.29,67,0,10.25,2022-04-20 17:32:52,clear sky
41,Barcelos,PT,41.5388,-8.6151,63.91,64,31,16.24,2022-04-20 17:32:53,scattered clouds
42,Atuona,PF,-9.8,-139.0333,79.45,71,70,19.17,2022-04-20 17:32:53,broken clouds
43,Cherskiy,RU,68.75,161.3,4.96,92,13,5.08,2022-04-20 17:28:32,few clouds
44,Kaitangata,NZ,-46.2817,169.8464,57.15,99,100,5.73,2022-04-20 17:33:55,overcast clouds
45,Tual,ID,-5.6667,132.75,83.41,76,89,7.54,2022-04-20 17:33:55,overcast clouds
46,Clyde River,CA,70.4692,-68.5914,1.63,85,75,14.97,2022-04-20 17:33:56,broken clouds
47,Peniche,PT,39.3558,-9.3811,59.29,69,1,25.55,2022-04-20 17:33:56,clear sky
48,Zyryanka,RU,65.75,150.85,2.3,98,95,3.51,2022-04-20 17:33:57,overcast clouds
49,Tazovskiy,RU,67.4667,78.7,12.67,95,100,10.54,2022-04-20 17:33:57,light snow
50,Margate,GB,51.3813,1.3862,55.11,74,12,5.99,2022-04-20 17:33:58,few clouds
51,Port Elizabeth,ZA,-33.918,25.5701,75.09,82,0,1.14,2022-04-20 17:30:41,clear sky
52,Souillac,MU,-20.5167,57.5167,77.38,88,20,4.61,2022-04-20 17:33:58,few clouds
53,Sao Jose Da Coroa Grande,BR,-8.8978,-35.1478,82.42,69,77,9.95,2022-04-20 17:33:59,broken clouds
54,Nanortalik,GL,60.1432,-45.2371,31.19,58,47,12.46,2022-04-20 17:33:59,scattered clouds
55,Qaanaaq,GL,77.484,-69.3632,-1.03,74,100,9.4,2022-04-20 17:34:00,overcast clouds
56,Hobart,AU,-42.8794,147.3294,48.06,71,33,16.11,2022-04-20 17:28:37,scattered clouds
57,Hermanus,ZA,-34.4187,19.2345,61.81,80,61,3.11,2022-04-20 17:34:01,broken clouds
58,Butaritari,KI,3.0707,172.7902,80.67,81,81,15.39,2022-04-20 17:34:02,light rain
59,Methoni,GR,36.8197,21.7049,57.06,74,5,3.36,2022-04-20 17:34:02,clear sky
60,Constitucion,CL,-35.3333,-72.4167,60.89,58,3,14.36,2022-04-20 17:34:03,clear sky
61,Albany,US,42.6001,-73.9662,49.55,49,13,3.0,2022-04-20 17:30:41,few clouds
62,Kota Kinabalu,MY,5.9749,116.0724,75.18,94,20,3.44,2022-04-20 17:34:04,few clouds
63,New Norfolk,AU,-42.7826,147.0587,47.7,67,30,3.0,2022-04-20 17:34:05,scattered clouds
64,Caxito,AO,-8.5785,13.6643,74.66,95,100,2.62,2022-04-20 17:34:05,overcast clouds
65,Codrington,AU,-38.2667,141.9667,56.25,76,63,7.63,2022-04-20 17:34:06,broken clouds
66,Rence,SI,45.89,13.6686,60.82,63,23,8.05,2022-04-20 17:34:07,few clouds
67,Vaini,TO,-21.2,-175.2,73.56,100,75,3.44,2022-04-20 17:34:07,broken clouds
68,Ilulissat,GL,69.2167,-51.1,15.82,41,0,5.75,2022-04-20 17:28:37,clear sky
69,Abashiri,JP,44.0213,144.2697,44.69,59,0,11.65,2022-04-20 17:34:08,clear sky
70,Batagay-Alyta,RU,67.8006,130.4114,16.23,96,100,4.5,2022-04-20 17:34:09,light snow
71,Corrales,US,35.2378,-106.6067,78.98,10,0,13.0,2022-04-20 17:34:09,clear sky
72,Zhigalovo,RU,54.8097,105.1578,31.53,88,100,8.23,2022-04-20 17:34:10,overcast clouds
73,Nurota,UZ,40.5614,65.6886,60.42,67,92,1.36,2022-04-20 17:34:11,overcast clouds
74,Buala,SB,-8.145,159.5921,79.68,84,63,5.55,2022-04-20 17:34:11,light rain
75,Airai,TL,-8.9266,125.4092,58.84,86,94,2.01,2022-04-20 17:34:12,overcast clouds
76,Takaungu,KE,-3.6837,39.8566,80.6,76,100,17.4,2022-04-20 17:34:13,overcast clouds
77,Hithadhoo,MV,-0.6,73.0833,83.37,68,95,3.02,2022-04-20 17:34:14,overcast clouds
78,Bella Union,UY,-30.2752,-57.6007,79.21,49,50,7.87,2022-04-20 17:34:14,scattered clouds
79,Campos,BR,-21.75,-41.3,84.25,51,20,9.22,2022-04-20 17:30:03,few clouds
80,Sitka,US,57.0531,-135.33,46.29,61,40,8.05,2022-04-20 17:34:15,scattered clouds
81,Ancud,CL,-41.8697,-73.8203,52.23,69,82,9.95,2022-04-20 17:31:53,broken clouds
82,Kulhudhuffushi,MV,6.6221,73.07,84.97,75,69,10.31,2022-04-20 17:34:16,broken clouds
83,Muravlenko,RU,63.7898,74.523,7.59,94,60,13.67,2022-04-20 17:34:17,broken clouds
84,Nampa,US,43.5407,-116.5635,56.03,49,0,16.11,2022-04-20 17:34:17,clear sky
85,Saint-Joseph,RE,-21.3667,55.6167,77.38,85,51,3.29,2022-04-20 17:34:18,broken clouds
86,Lebu,CL,-37.6167,-73.65,56.7,63,12,8.9,2022-04-20 17:34:18,few clouds
87,Barrow,US,71.2906,-156.7887,-2.18,84,0,12.66,2022-04-20 17:34:19,clear sky
88,Bethel,US,41.3712,-73.414,55.2,42,0,12.66,2022-04-20 17:28:50,clear sky
89,Tilichiki,RU,60.4667,166.1,2.12,99,83,7.81,2022-04-20 17:34:20,broken clouds
90,Avarua,CK,-21.2078,-159.775,77.05,65,75,9.22,2022-04-20 17:35:21,broken clouds
91,Springdale,US,36.1867,-94.1288,56.05,93,100,21.85,2022-04-20 17:31:42,overcast clouds
92,Ponta Do Sol,PT,32.6667,-17.1,65.01,50,2,5.64,2022-04-20 17:35:21,clear sky
93,Upernavik,GL,72.7868,-56.1549,2.61,66,23,5.82,2022-04-20 17:35:22,few clouds
94,Beyneu,KZ,45.3167,55.2,69.04,23,52,16.67,2022-04-20 17:35:23,broken clouds
95,Yellowknife,CA,62.456,-114.3525,28.92,31,0,4.61,2022-04-20 17:28:36,clear sky
96,Kinsale,IE,51.7075,-8.5306,51.24,76,75,9.22,2022-04-20 17:35:24,broken clouds
97,Bambous Virieux,MU,-20.3428,57.7575,77.25,88,20,4.61,2022-04-20 17:25:47,few clouds
98,Bradford,GB,53.7939,-1.7521,56.52,50,0,11.5,2022-04-20 17:35:24,clear sky
99,Gogrial,SS,8.5332,28.1004,92.77,33,100,3.27,2022-04-20 17:35:25,overcast clouds
100,Saint-Philippe,RE,-21.3585,55.7679,78.39,83,59,3.65,2022-04-20 17:35:26,broken clouds
101,Sur,OM,22.5667,59.5289,82.69,68,31,6.08,2022-04-20 17:35:26,scattered clouds
102,Shimoda,JP,34.6667,138.95,57.52,81,82,6.8,2022-04-20 17:35:27,broken clouds
103,Mataram,ID,-8.5833,116.1167,79.61,89,99,3.8,2022-04-20 17:35:27,overcast clouds
104,Rive-De-Gier,FR,45.5307,4.6213,62.53,83,100,1.28,2022-04-20 17:35:28,overcast clouds
105,Vila Franca Do Campo,PT,37.7167,-25.4333,61.21,64,81,2.06,2022-04-20 17:35:28,broken clouds
106,Celestun,MX,20.8667,-90.4,88.02,45,0,7.43,2022-04-20 17:35:29,clear sky
107,Dikson,RU,73.5069,80.5464,-4.2,100,89,9.17,2022-04-20 17:35:29,overcast clouds
108,Chernogorsk,RU,53.8236,91.2842,42.37,49,0,4.47,2022-04-20 17:35:30,clear sky
109,East London,ZA,-33.0153,27.9116,70.74,83,0,9.22,2022-04-20 17:31:23,clear sky
110,Saint-Francois,FR,46.4154,3.9054,63.84,52,0,3.44,2022-04-20 17:35:31,clear sky
111,Ordzhonikidze,KZ,52.4411,61.7408,59.54,65,100,3.78,2022-04-20 17:35:31,overcast clouds
112,Pokrovsk,UA,48.282,37.1758,44.2,68,48,10.07,2022-04-20 17:35:32,scattered clouds
113,Taitung,TW,22.7583,121.1444,73.18,79,66,2.33,2022-04-20 17:35:32,broken clouds
114,Chingola,ZM,-12.529,27.8838,60.64,98,99,3.69,2022-04-20 17:35:33,light rain
115,Teguldet,RU,57.3064,88.1667,33.91,90,100,3.78,2022-04-20 17:35:33,overcast clouds
116,Ukiah,US,39.1502,-123.2078,52.38,86,100,6.91,2022-04-20 17:31:21,overcast clouds
117,Halifax,CA,44.6453,-63.5724,53.69,60,40,24.16,2022-04-20 17:35:34,scattered clouds
118,Qui Nhon,VN,13.7667,109.2333,74.21,91,51,6.06,2022-04-20 17:35:35,broken clouds
119,Narsaq,GL,60.9167,-46.05,39.42,41,61,1.68,2022-04-20 17:35:35,broken clouds
120,Carnarvon,AU,-24.8667,113.6333,66.27,72,97,8.05,2022-04-20 17:25:46,overcast clouds
121,Tuy Hoa,VN,13.0833,109.3,74.57,93,50,4.36,2022-04-20 17:31:55,scattered clouds
122,Sorong,ID,-0.8833,131.25,80.89,81,100,1.77,2022-04-20 17:35:36,overcast clouds
123,Lyngdal,NO,58.1376,7.07,52.0,55,22,7.83,2022-04-20 17:35:37,few clouds
124,Tuktoyaktuk,CA,69.4541,-133.0374,3.2,85,75,4.61,2022-04-20 17:28:40,fog
125,Boshnyakovo,RU,49.6333,142.1667,40.05,84,100,15.23,2022-04-20 17:35:37,overcast clouds
126,Port Lincoln,AU,-34.7333,135.8667,59.45,63,81,8.21,2022-04-20 17:35:38,broken clouds
127,Gallneukirchen,AT,48.3543,14.4127,51.33,62,62,3.69,2022-04-20 17:35:39,broken clouds
128,Vanimo,PG,-2.6741,141.3028,78.13,90,99,4.5,2022-04-20 17:35:39,overcast clouds
129,San Luis,AR,-33.295,-66.3356,70.12,48,53,13.31,2022-04-20 17:34:58,broken clouds
130,Pacific Grove,US,36.6177,-121.9166,62.42,70,16,8.01,2022-04-20 17:31:47,few clouds
131,San Juan,AR,-31.5375,-68.5364,75.94,36,0,20.2,2022-04-20 17:35:40,clear sky
132,Port Keats,AU,-14.25,129.55,81.73,69,96,3.67,2022-04-20 17:35:41,overcast clouds
133,Eyl,SO,7.9803,49.8164,82.02,68,14,12.91,2022-04-20 17:35:41,few clouds
134,Torbay,CA,47.6666,-52.7314,48.27,84,100,32.21,2022-04-20 17:35:34,overcast clouds
135,Am Timan,TD,11.0297,20.2827,93.69,22,100,3.18,2022-04-20 17:35:42,overcast clouds
136,Iqaluit,CA,63.7506,-68.5145,17.33,67,100,3.44,2022-04-20 17:28:33,overcast clouds
137,Pierre,US,44.3683,-100.351,60.85,46,0,10.0,2022-04-20 17:35:43,clear sky
138,Teya,RU,60.3778,92.6267,21.42,98,100,2.73,2022-04-20 17:36:43,overcast clouds
139,Santa Rosa,PH,14.3122,121.1114,82.38,76,4,4.99,2022-04-20 17:36:34,clear sky
140,Coihueco,CL,-36.6167,-71.8333,59.74,55,20,9.22,2022-04-20 17:36:44,few clouds
141,Trincomalee,LK,8.5711,81.2335,83.01,79,7,8.68,2022-04-20 17:36:44,clear sky
142,Lata,PT,40.1629,-8.3327,60.93,67,47,14.0,2022-04-20 17:36:45,scattered clouds
143,Puerto Ayora,EC,-0.7393,-90.3518,78.76,82,73,8.39,2022-04-20 17:36:45,broken clouds
144,Cidreira,BR,-30.1811,-50.2056,71.56,65,0,7.52,2022-04-20 17:36:46,clear sky
145,Khatanga,RU,71.9667,102.5,-14.17,100,58,0.58,2022-04-20 17:30:13,broken clouds
146,Hamilton,US,39.1834,-84.5333,59.77,48,100,11.5,2022-04-20 17:35:41,overcast clouds
147,Sakhipur,BD,24.3,90.1833,74.82,81,68,2.53,2022-04-20 17:36:47,broken clouds
148,Pochutla,MX,15.7432,-96.4661,92.82,36,0,9.86,2022-04-20 17:36:48,clear sky
149,Umba,RU,66.6871,34.3429,32.88,98,100,9.17,2022-04-20 17:36:48,overcast clouds
150,Bon Accord,CA,53.8335,-113.4187,34.99,80,20,2.3,2022-04-20 17:36:49,few clouds
151,Chapais,CA,49.7834,-74.8492,31.78,64,81,15.37,2022-04-20 17:32:47,broken clouds
152,Saint-Michel-Des-Saints,CA,46.6834,-73.9159,33.94,91,100,13.0,2022-04-20 17:32:43,overcast clouds
153,Kutum,SD,14.2,24.6667,83.75,14,74,7.11,2022-04-20 17:36:50,broken clouds
154,Arlit,NE,18.7369,7.3853,93.45,10,18,5.99,2022-04-20 17:36:50,few clouds
155,Saint-Pierre,RE,-21.3393,55.4781,78.48,82,0,3.44,2022-04-20 17:36:51,clear sky
156,Mogadishu,SO,2.0371,45.3438,83.28,71,100,16.64,2022-04-20 17:36:52,overcast clouds
157,Egvekinot,RU,66.3167,-179.1667,19.62,87,100,3.44,2022-04-20 17:33:21,overcast clouds
158,Arenzano,IT,44.4052,8.6832,60.37,85,40,1.99,2022-04-20 17:36:52,scattered clouds
159,Saint Anthony,US,45.0205,-93.218,46.65,81,100,17.27,2022-04-20 17:36:53,haze
160,Chuy,UY,-33.6971,-53.4616,76.46,49,1,8.93,2022-04-20 17:36:53,clear sky
161,Port Alfred,ZA,-33.5906,26.891,68.18,89,13,13.38,2022-04-20 17:36:54,few clouds
162,Muzhi,RU,65.3667,64.6667,9.3,77,5,13.98,2022-04-20 17:36:54,clear sky
163,Pangnirtung,CA,66.1451,-65.7125,17.6,53,75,9.22,2022-04-20 17:35:50,broken clouds
164,Markala,ML,13.7021,-6.0659,99.61,7,62,12.12,2022-04-20 17:36:55,broken clouds
165,La Ronge,CA,55.1001,-105.2842,37.62,51,40,10.36,2022-04-20 17:36:56,scattered clouds
166,Whitianga,NZ,-36.8333,175.7,65.75,92,94,11.45,2022-04-20 17:36:56,overcast clouds
167,Erzin,TR,36.9559,36.2,57.51,88,78,5.91,2022-04-20 17:36:57,broken clouds
168,Berlevag,NO,70.8578,29.0864,41.0,81,0,10.36,2022-04-20 17:36:57,clear sky
169,Mingoyo,TZ,-10.1,39.6333,73.67,95,59,2.75,2022-04-20 17:36:58,broken clouds
170,Manuk Mangkaw,PH,4.8,119.85,83.08,76,100,6.8,2022-04-20 17:36:58,overcast clouds
171,Shelburne,CA,44.0787,-80.2041,43.9,75,83,6.82,2022-04-20 17:33:17,broken clouds
172,Qiqihar,CN,47.3408,123.9672,47.39,64,100,14.52,2022-04-20 17:36:59,overcast clouds
173,Provideniya,RU,64.3833,-173.3,21.88,86,38,5.91,2022-04-20 17:37:00,scattered clouds
174,Oktyabrskiy,RU,54.4815,53.471,43.36,92,100,7.85,2022-04-20 17:37:00,overcast clouds
175,Pasni,PK,25.2631,63.471,79.93,73,0,7.29,2022-04-20 17:37:01,clear sky
176,Victoria,HK,22.2855,114.1577,73.18,82,51,5.01,2022-04-20 17:34:33,broken clouds
177,Zhumadian,CN,32.9794,114.0294,53.69,94,5,6.89,2022-04-20 17:37:02,clear sky
178,Upington,ZA,-28.4478,21.2561,71.98,35,0,5.75,2022-04-20 17:37:02,clear sky
179,Tsiroanomandidy,MG,-18.7667,46.0333,75.58,64,91,3.0,2022-04-20 17:37:03,overcast clouds
180,Avon Park,US,27.5959,-81.5062,84.7,54,0,15.73,2022-04-20 17:37:04,clear sky
181,Bilma,NE,18.6853,12.9164,88.99,9,6,6.96,2022-04-20 17:37:04,clear sky
182,Finschhafen,PG,-6.6024,147.8681,79.41,82,100,4.85,2022-04-20 17:37:05,heavy intensity rain
183,Mount Isa,AU,-20.7333,139.5,73.17,20,0,13.8,2022-04-20 17:38:06,clear sky
184,Verkh-Usugli,RU,52.7,115.1667,23.86,53,61,4.85,2022-04-20 17:38:06,broken clouds
185,Zhezkazgan,KZ,47.8043,67.7144,57.78,38,0,5.28,2022-04-20 17:38:07,clear sky
186,Cayenne,GF,4.9333,-52.3333,77.04,1,75,4.61,2022-04-20 17:38:08,heavy intensity rain
187,Tommot,RU,58.9564,126.2925,20.41,98,100,2.89,2022-04-20 17:38:08,overcast clouds
188,Puerto Ayacucho,VE,5.6639,-67.6236,82.99,75,95,4.43,2022-04-20 17:38:09,overcast clouds
189,West Fargo,US,46.875,-96.9004,37.02,90,75,10.36,2022-04-20 17:38:10,broken clouds
190,Hami,CN,42.8,93.45,62.08,12,92,16.69,2022-04-20 17:38:11,overcast clouds
191,Ha Noi,VN,21.0245,105.8412,68.0,84,1,5.53,2022-04-20 17:38:12,clear sky
192,Seoul,KR,37.5683,126.9778,49.44,66,61,6.91,2022-04-20 17:34:13,broken clouds
193,Kinkala,CG,-4.3614,14.7644,73.13,93,100,1.97,2022-04-20 17:38:12,light rain
194,Necochea,AR,-38.5473,-58.7368,73.04,54,100,10.78,2022-04-20 17:38:13,overcast clouds
195,Camana,PE,-16.6228,-72.7111,71.53,74,39,8.97,2022-04-20 17:38:14,scattered clouds
196,Port Augusta,AU,-32.5,137.7667,61.72,75,53,9.8,2022-04-20 17:38:14,broken clouds
197,Lagdo,CM,9.05,13.7333,88.9,32,100,3.51,2022-04-20 17:38:15,overcast clouds
198,Hambantota,LK,6.1241,81.1185,80.76,82,81,2.84,2022-04-20 17:38:16,broken clouds
199,Manhattan,US,40.7834,-73.9662,58.5,33,0,17.27,2022-04-20 17:37:07,clear sky
200,Cabo San Lucas,MX,22.8909,-109.9124,77.05,69,0,10.36,2022-04-20 17:35:10,clear sky
201,Namibe,AO,-15.1961,12.1522,79.43,89,100,14.97,2022-04-20 17:38:17,overcast clouds
202,Vytegra,RU,61.0064,36.4481,38.5,90,100,5.23,2022-04-20 17:38:18,overcast clouds
203,Kitimat,CA,54.0524,-128.6534,47.91,56,100,5.28,2022-04-20 17:38:18,overcast clouds
204,Sola,VU,-13.8833,167.55,82.09,74,60,8.66,2022-04-20 17:38:19,broken clouds
205,Aqtobe,KZ,50.2797,57.2072,53.69,66,0,6.71,2022-04-20 17:38:20,clear sky
206,Trinidad,BO,-14.8333,-64.9,91.38,55,40,5.75,2022-04-20 17:36:05,scattered clouds
207,Kiunga,PG,-6.1219,141.2906,73.22,100,100,1.48,2022-04-20 17:38:21,moderate rain
208,Tasiilaq,GL,65.6145,-37.6368,35.76,91,92,6.67,2022-04-20 17:38:21,overcast clouds
209,Yulara,AU,-25.2406,130.9889,62.44,34,89,9.22,2022-04-20 17:38:22,overcast clouds
210,Hwange,ZW,-18.3693,26.5019,62.24,87,71,10.2,2022-04-20 17:38:22,light rain
211,Bugarama,TZ,-2.8706,30.5281,61.93,97,100,3.6,2022-04-20 17:38:23,overcast clouds
212,Kahului,US,20.8947,-156.47,75.85,78,0,13.8,2022-04-20 17:38:23,clear sky
213,Skibbereen,IE,51.55,-9.2667,51.12,75,100,9.95,2022-04-20 17:38:24,overcast clouds
214,Sirjan,IR,29.452,55.6814,68.27,10,99,4.52,2022-04-20 17:38:25,overcast clouds
215,Kathmandu,NP,27.7167,85.3167,64.62,88,40,4.61,2022-04-20 17:36:35,scattered clouds
216,Finnsnes,NO,69.2296,17.9811,52.41,65,2,5.03,2022-04-20 17:38:25,clear sky
217,Kailua,US,21.4022,-157.7394,74.64,80,75,4.0,2022-04-20 17:34:44,broken clouds
218,Atambua,ID,-9.1061,124.8925,72.36,86,100,3.91,2022-04-20 17:38:26,overcast clouds
219,Alta Floresta,BR,-9.8756,-56.0861,91.22,58,40,5.75,2022-04-20 17:38:27,scattered clouds
220,Hay River,CA,60.8156,-115.7999,24.78,42,0,3.44,2022-04-20 17:38:27,clear sky
221,Salinas,US,36.6777,-121.6555,64.92,50,0,5.75,2022-04-20 17:38:28,clear sky
222,Tiksi,RU,71.6872,128.8694,9.27,98,100,5.55,2022-04-20 17:28:47,overcast clouds
223,Ostrovnoy,RU,68.0531,39.5131,30.15,90,67,6.87,2022-04-20 17:38:29,broken clouds
224,Mogadouro,PT,41.3403,-6.7119,53.46,36,92,11.5,2022-04-20 17:38:29,overcast clouds
225,Pevek,RU,69.7008,170.3133,12.76,87,99,2.95,2022-04-20 17:38:30,overcast clouds
226,Sao Felix Do Xingu,BR,-6.6447,-51.995,81.97,81,94,3.11,2022-04-20 17:39:30,overcast clouds
227,North Branch,US,45.5113,-92.9802,45.28,92,100,3.0,2022-04-20 17:39:31,overcast clouds
228,Dondo,MZ,-19.6094,34.7431,70.2,87,100,8.37,2022-04-20 17:39:31,overcast clouds
229,Mnogovershinnyy,RU,53.9353,139.9242,24.89,98,100,4.23,2022-04-20 17:39:32,overcast clouds
230,Bagdarin,RU,54.4333,113.6,19.71,58,54,2.84,2022-04-20 17:39:32,broken clouds
231,Grindavik,IS,63.8424,-22.4338,48.15,93,100,2.3,2022-04-20 17:39:33,overcast clouds
232,Nuqui,CO,5.7125,-77.2708,81.84,72,99,8.23,2022-04-20 17:39:33,overcast clouds
233,Port Blair,IN,11.6667,92.75,84.24,79,40,2.3,2022-04-20 17:39:34,mist
234,Itoman,JP,26.1247,127.6694,71.98,88,98,8.05,2022-04-20 17:39:34,overcast clouds
235,Meulaboh,ID,4.1363,96.1285,77.95,86,99,4.7,2022-04-20 17:39:35,overcast clouds
236,Waw,SS,7.7029,27.9953,88.79,39,100,4.68,2022-04-20 17:39:35,overcast clouds
237,Krasnoselkup,RU,65.7,82.4667,4.3,96,51,9.6,2022-04-20 17:39:35,broken clouds
238,Honningsvag,NO,70.9821,25.9704,42.55,75,84,0.0,2022-04-20 17:39:36,broken clouds
239,Longyearbyen,SJ,78.2186,15.6401,28.24,74,75,18.41,2022-04-20 17:39:36,broken clouds
240,Lavrentiya,RU,65.5833,-171.0,12.81,84,3,4.27,2022-04-20 17:39:37,clear sky
241,Samarai,PG,-10.6167,150.6667,81.82,79,86,12.73,2022-04-20 17:39:37,overcast clouds
242,Santa Cruz Cabralia,BR,-16.2781,-39.0247,82.63,65,75,8.05,2022-04-20 17:39:38,broken clouds
243,Vallenar,CL,-28.5708,-70.7581,77.34,22,88,6.42,2022-04-20 17:39:39,overcast clouds
244,Carauari,BR,-4.8828,-66.8958,76.91,96,98,3.56,2022-04-20 17:39:39,overcast clouds
245,Norman Wells,CA,65.282,-126.8329,23.04,42,0,0.0,2022-04-20 17:39:40,clear sky
246,Northam,GB,51.0333,-4.2167,57.25,81,19,7.14,2022-04-20 17:39:40,few clouds
247,Laguna,US,38.421,-121.4238,62.89,64,75,6.91,2022-04-20 17:39:41,broken clouds
248,Lasa,IT,46.6166,10.7002,54.48,94,62,1.23,2022-04-20 17:39:42,broken clouds
249,College,US,64.8569,-147.8028,37.9,45,0,1.01,2022-04-20 17:39:42,clear sky
250,Linaon,PH,9.9499,122.4483,81.09,81,11,7.63,2022-04-20 17:39:43,few clouds
251,Hovd,MN,48.0056,91.6419,38.82,49,40,2.46,2022-04-20 17:39:43,scattered clouds
252,Tautira,PF,-17.7333,-149.15,80.1,72,25,6.64,2022-04-20 17:39:44,light rain
253,Calvinia,ZA,-31.4707,19.776,72.41,24,19,7.38,2022-04-20 17:39:44,few clouds
254,Xichang,CN,27.8964,102.2634,57.45,69,75,1.79,2022-04-20 17:39:45,broken clouds
255,Anqing,CN,30.5092,117.0506,59.07,85,58,5.53,2022-04-20 17:39:45,broken clouds
256,Bambanglipuro,ID,-7.95,110.2833,75.74,90,92,4.21,2022-04-20 17:39:46,light rain
257,Kupiskis,LT,55.8333,24.9667,51.6,61,90,12.93,2022-04-20 17:39:47,overcast clouds
258,Delta,NG,5.5,6.0,80.91,84,88,5.12,2022-04-20 17:39:47,overcast clouds
259,Baoying,CN,33.2292,119.3092,58.12,89,99,6.38,2022-04-20 17:39:48,overcast clouds
260,Mayumba,GA,-3.432,10.6554,77.79,89,100,3.91,2022-04-20 17:39:48,overcast clouds
261,Marystown,CA,47.1666,-55.1483,42.85,100,100,11.99,2022-04-20 17:39:49,overcast clouds
262,Poum,NC,-20.2333,164.0167,77.25,78,8,14.99,2022-04-20 17:39:49,clear sky
263,Bathsheba,BB,13.2167,-59.5167,84.81,58,75,21.85,2022-04-20 17:39:50,broken clouds
264,Sao Gabriel Da Cachoeira,BR,-0.1303,-67.0892,87.6,70,40,8.05,2022-04-20 17:39:50,scattered clouds
265,Galle,LK,6.0367,80.217,81.12,80,87,1.5,2022-04-20 17:38:48,overcast clouds
266,Flin Flon,CA,54.7682,-101.865,30.04,86,100,11.5,2022-04-20 17:39:52,light snow
267,Maryborough,AU,-25.5333,152.7,70.11,97,12,2.55,2022-04-20 17:39:52,few clouds
268,Cairns,AU,-16.9167,145.7667,77.07,87,75,17.27,2022-04-20 17:39:53,light rain
269,Aden,YE,12.7794,45.0367,81.75,75,8,16.91,2022-04-20 17:39:53,clear sky
270,Muscat,OM,23.6139,58.5922,84.22,53,29,6.35,2022-04-20 17:39:37,scattered clouds
271,Pachino,IT,36.7186,15.0907,59.02,87,100,7.25,2022-04-20 17:38:31,overcast clouds
272,Saint-Louis,SN,16.3333,-15.0,107.24,9,41,12.06,2022-04-20 17:40:54,scattered clouds
273,Mahebourg,MU,-20.4081,57.7,77.29,88,20,4.61,2022-04-20 17:40:55,few clouds
274,San Jeronimo,PE,-11.9472,-75.2829,64.98,38,27,2.95,2022-04-20 17:40:55,scattered clouds
275,Saint George,US,37.1041,-113.5841,73.44,23,0,3.44,2022-04-20 17:37:44,clear sky
276,Lgov,RU,51.6307,35.2775,45.99,93,100,5.26,2022-04-20 17:40:56,light rain
277,Winslow,US,35.0242,-110.6974,73.58,9,0,14.97,2022-04-20 17:40:57,clear sky
278,Fortuna,US,40.5982,-124.1573,52.99,91,75,25.32,2022-04-20 17:40:57,light rain
279,Mayenne,FR,48.3333,-0.6667,63.84,82,100,6.67,2022-04-20 17:40:58,overcast clouds
280,Arraial Do Cabo,BR,-22.9661,-42.0278,78.76,73,0,12.66,2022-04-20 17:38:38,clear sky
281,Umm Lajj,SA,25.0213,37.2685,75.67,60,1,9.04,2022-04-20 17:40:58,clear sky
282,Zhigansk,RU,66.7697,123.3711,14.94,97,100,4.07,2022-04-20 17:40:59,overcast clouds
283,Mbanza-Ngungu,CD,-5.25,14.8667,69.76,98,100,3.31,2022-04-20 17:40:59,moderate rain
284,Vila Velha,BR,-20.3297,-40.2925,84.15,71,20,16.11,2022-04-20 17:40:30,few clouds
285,Hasaki,JP,35.7333,140.8333,55.8,84,24,5.06,2022-04-20 17:41:00,few clouds
286,Oussouye,SN,12.485,-16.5469,96.98,41,52,13.04,2022-04-20 17:41:01,broken clouds
287,Rayon,MX,19.1444,-99.5836,67.77,28,0,1.19,2022-04-20 17:41:01,clear sky
288,Isangel,VU,-19.55,169.2667,77.13,84,22,5.73,2022-04-20 17:41:02,few clouds
289,Placerville,US,38.7296,-120.7986,58.64,61,0,4.61,2022-04-20 17:41:03,clear sky
290,Sunbury,AU,-37.5833,144.7333,55.81,91,75,9.22,2022-04-20 17:41:03,broken clouds
291,Westport,US,41.1415,-73.3579,57.36,36,0,13.8,2022-04-20 17:41:04,clear sky
292,Port Hardy,CA,50.6996,-127.4199,48.38,66,75,17.27,2022-04-20 17:41:05,broken clouds
293,Guinguineo,SN,14.2667,-15.95,103.82,17,0,4.61,2022-04-20 17:41:05,clear sky
294,Hinton,CA,53.4001,-117.5857,32.86,81,95,4.32,2022-04-20 17:41:06,overcast clouds
295,Havelock,US,34.8791,-76.9013,62.98,41,0,5.75,2022-04-20 17:41:06,clear sky
296,Lourical,PT,40.0039,-8.7374,59.61,66,7,16.98,2022-04-20 17:41:07,clear sky
297,Golden,US,39.7555,-105.2211,66.43,32,20,9.22,2022-04-20 17:41:08,few clouds
298,Katsuura,JP,35.1333,140.3,57.22,88,41,5.84,2022-04-20 17:41:09,scattered clouds
299,Ust-Omchug,RU,61.15,149.6333,-4.7,100,86,3.51,2022-04-20 17:41:09,overcast clouds
300,Kruisfontein,ZA,-34.0033,24.7314,71.89,42,83,2.53,2022-04-20 17:41:10,broken clouds
301,Linjiang,CN,41.8069,126.9078,47.16,69,0,4.56,2022-04-20 17:41:11,clear sky
302,Minab,IR,27.1467,57.0801,77.32,53,93,0.0,2022-04-20 17:41:11,overcast clouds
303,Coquimbo,CL,-29.9533,-71.3436,60.53,77,40,13.8,2022-04-20 17:41:12,scattered clouds
304,Vardo,NO,70.3705,31.1107,39.18,93,0,2.3,2022-04-20 17:41:12,clear sky
305,Esperance,AU,-33.8667,121.9,55.24,76,85,7.43,2022-04-20 17:41:13,overcast clouds
306,Winnemucca,US,40.973,-117.7357,51.85,32,0,9.22,2022-04-20 17:41:14,clear sky
307,Dunedin,NZ,-45.8742,170.5036,60.8,89,93,4.94,2022-04-20 17:41:14,overcast clouds
308,Cuencame,MX,24.8711,-103.6964,85.59,11,28,10.65,2022-04-20 17:41:15,scattered clouds
309,Richards Bay,ZA,-28.783,32.0377,65.28,86,39,6.62,2022-04-20 17:41:16,scattered clouds
310,Porto Walter,BR,-8.2686,-72.7439,88.48,54,84,3.98,2022-04-20 17:41:16,broken clouds
311,Payo,ID,-3.7508,103.6372,72.75,99,100,2.77,2022-04-20 17:41:17,overcast clouds
312,Tuatapere,NZ,-46.1333,167.6833,59.14,97,97,1.01,2022-04-20 17:41:17,light rain
313,Okoneshnikovo,RU,54.8377,75.0834,42.67,70,100,2.84,2022-04-20 17:41:18,overcast clouds
314,Brodick,GB,55.5754,-5.1472,57.04,69,7,4.74,2022-04-20 17:41:18,clear sky
315,San Cristobal,VE,7.7669,-72.225,77.18,64,92,0.92,2022-04-20 17:41:19,overcast clouds
316,Hualmay,PE,-11.0964,-77.6139,72.61,72,70,10.27,2022-04-20 17:41:20,broken clouds
317,Harlingen,US,26.1906,-97.6961,79.2,89,100,30.82,2022-04-20 17:39:33,overcast clouds
318,Zhuhai,CN,22.2769,113.5678,71.85,83,20,8.05,2022-04-20 17:41:21,few clouds
319,Guarda,PT,40.5373,-7.2658,51.91,42,71,14.36,2022-04-20 17:36:49,broken clouds
320,Aquiraz,BR,-3.9014,-38.3911,87.89,72,71,10.56,2022-04-20 17:42:22,broken clouds
321,Korla,CN,41.7597,86.1469,67.68,13,100,12.1,2022-04-20 17:42:23,overcast clouds
322,Walvis Bay,NA,-22.9575,14.5053,77.74,39,7,11.95,2022-04-20 17:42:23,clear sky
323,Aljezur,PT,37.3191,-8.8033,57.65,70,5,23.44,2022-04-20 17:42:24,clear sky
324,Alofi,NU,-19.0595,-169.9187,75.09,94,100,4.61,2022-04-20 17:42:24,overcast clouds
325,Santo Antonio Do Sudoeste,BR,-26.0736,-53.7253,77.31,46,1,3.22,2022-04-20 17:42:25,clear sky
326,Santona,ES,43.4439,-3.4576,52.07,78,100,18.54,2022-04-20 17:42:26,moderate rain
327,Mar Del Plata,AR,-38.0023,-57.5575,64.42,94,75,9.22,2022-04-20 17:42:24,mist
328,Chokurdakh,RU,70.6333,147.9167,2.23,99,97,4.47,2022-04-20 17:42:26,overcast clouds
329,Homer,US,59.6425,-151.5483,41.04,65,0,8.05,2022-04-20 17:42:27,clear sky
330,Erdaojiang,CN,41.7764,126.0319,52.03,58,0,12.93,2022-04-20 17:42:27,clear sky
331,Kavaratti,IN,10.5669,72.642,84.65,70,8,12.1,2022-04-20 17:42:28,clear sky
332,Christchurch,NZ,-43.5333,172.6333,71.47,66,40,17.27,2022-04-20 17:42:28,scattered clouds
333,Canon City,US,38.441,-105.2424,73.62,19,0,12.66,2022-04-20 17:42:29,clear sky
334,Dingle,PH,10.9995,122.6711,76.95,88,15,5.95,2022-04-20 17:42:29,few clouds
335,Paamiut,GL,61.994,-49.6678,26.1,48,84,4.5,2022-04-20 17:39:02,broken clouds
336,San Patricio,US,28.017,-97.5169,80.85,57,83,23.53,2022-04-20 17:42:30,broken clouds
337,Araouane,ML,18.9048,-3.5265,92.07,6,27,7.05,2022-04-20 17:42:31,scattered clouds
338,Kousseri,CM,12.0769,15.0306,98.56,12,96,8.05,2022-04-20 17:42:31,overcast clouds
339,Preobrazheniye,RU,42.9019,133.9064,44.78,81,7,4.36,2022-04-20 17:42:32,clear sky
340,Bengkulu,ID,-3.8004,102.2655,75.88,93,100,7.99,2022-04-20 17:42:33,overcast clouds
341,Sorkjosen,NO,69.8,20.9333,44.6,70,0,6.91,2022-04-20 17:42:33,clear sky
342,Ngaoundere,CM,7.3167,13.5833,72.54,55,100,4.38,2022-04-20 17:42:34,overcast clouds
343,Hofn,IS,64.2539,-15.2082,46.42,93,100,23.02,2022-04-20 17:42:35,light rain
344,Deputatskiy,RU,69.3,139.9,7.7,88,90,2.66,2022-04-20 17:42:35,overcast clouds
345,Puri,IN,19.8,85.85,82.92,89,31,21.21,2022-04-20 17:42:36,scattered clouds
346,Riyadh,SA,24.6877,46.7219,91.54,14,73,14.18,2022-04-20 17:40:01,broken clouds
347,Baruun-Urt,MN,46.6806,113.2792,36.63,32,100,18.77,2022-04-20 17:42:37,overcast clouds
348,Acapulco,MX,16.8634,-99.8901,85.82,66,0,8.05,2022-04-20 17:38:50,clear sky
349,Darhan,MN,49.4867,105.9228,33.82,46,56,1.74,2022-04-20 17:39:44,broken clouds
350,Cap Malheureux,MU,-19.9842,57.6142,77.47,87,80,1.01,2022-04-20 17:42:38,broken clouds
351,Khokhlovo,RU,59.1492,37.3998,50.02,92,83,7.7,2022-04-20 17:42:38,broken clouds
352,Muli,MV,2.9167,73.5667,84.27,69,48,6.51,2022-04-20 17:42:39,scattered clouds
353,Ucluelet,CA,48.9329,-125.5528,50.09,67,97,3.0,2022-04-20 17:39:01,overcast clouds
354,Mujiayingzi,CN,42.1167,118.7833,64.54,19,100,21.72,2022-04-20 17:42:40,overcast clouds
355,Zheshart,RU,62.0731,49.5733,26.85,93,82,4.36,2022-04-20 17:42:40,broken clouds
356,Olga,RU,43.7444,135.2892,44.02,80,57,7.27,2022-04-20 17:42:41,broken clouds
357,Ephrata,US,40.1798,-76.1788,57.02,46,0,10.36,2022-04-20 17:38:35,clear sky
358,Baker City,US,44.7749,-117.8344,46.58,59,40,20.71,2022-04-20 17:42:42,scattered clouds
359,Kavieng,PG,-2.5744,150.7967,82.4,75,38,14.23,2022-04-20 17:42:42,scattered clouds
360,Bethanien,NA,-26.502,17.1583,74.17,22,20,10.69,2022-04-20 17:42:43,few clouds
361,Monteagudo,BO,-19.8167,-63.9833,86.27,37,2,5.32,2022-04-20 17:42:43,clear sky
362,Bilibino,RU,68.0546,166.4372,5.18,96,91,3.67,2022-04-20 17:42:44,overcast clouds
363,Sinnamary,GF,5.3833,-52.95,79.38,87,100,11.14,2022-04-20 17:42:44,overcast clouds
364,Tucuman,AR,-26.8241,-65.2226,77.0,57,4,2.3,2022-04-20 17:42:45,clear sky
365,Half Moon Bay,US,37.4636,-122.4286,66.06,62,0,13.8,2022-04-20 17:39:02,clear sky
366,Izhma,RU,65.0083,53.9113,24.31,80,99,11.52,2022-04-20 17:43:45,overcast clouds
367,Myatlevo,RU,54.8969,35.6762,48.33,62,100,16.06,2022-04-20 17:43:46,overcast clouds
368,Pisco,PE,-13.7,-76.2167,75.25,64,0,17.27,2022-04-20 17:43:46,clear sky
369,Cockburn Town,TC,21.4612,-71.1419,78.76,78,75,11.5,2022-04-20 17:41:57,broken clouds
370,Las Tunas,CU,20.9617,-76.9511,83.32,56,50,14.74,2022-04-20 17:43:47,scattered clouds
371,Valley City,US,46.9233,-98.0032,45.12,70,0,6.91,2022-04-20 17:43:48,clear sky
372,Morehead,US,37.2711,-87.1764,67.75,28,0,10.36,2022-04-20 17:43:48,clear sky
373,Xining,CN,36.6167,101.7667,47.28,15,51,2.01,2022-04-20 17:43:49,broken clouds
374,Tashla,RU,51.7716,52.7427,62.82,52,100,3.06,2022-04-20 17:43:49,overcast clouds
375,Marfino,RU,55.7028,37.3822,53.85,33,0,20.13,2022-04-20 17:43:50,clear sky
376,Astoria,US,46.1879,-123.8313,46.47,80,100,17.27,2022-04-20 17:43:50,light rain
377,Kisangani,CD,0.5167,25.2,71.94,95,96,2.73,2022-04-20 17:43:51,overcast clouds
378,Nabire,ID,-3.3667,135.4833,77.4,92,98,3.11,2022-04-20 17:43:52,overcast clouds
379,Asau,RO,46.4333,26.4,44.96,68,100,1.23,2022-04-20 17:43:52,overcast clouds
380,Ribeira Grande,PT,38.5167,-28.7,63.0,63,75,5.75,2022-04-20 17:43:53,broken clouds
381,Belaya Gora,RU,68.5333,146.4167,3.51,100,97,0.78,2022-04-20 17:43:53,overcast clouds
382,Tomatlan,MX,19.9333,-105.25,90.07,40,0,8.59,2022-04-20 17:43:54,clear sky
383,Gigmoto,PH,13.7796,124.39,79.79,87,16,6.15,2022-04-20 17:43:55,few clouds
384,Beroroha,MG,-21.6667,45.1667,81.5,49,32,4.76,2022-04-20 17:43:56,scattered clouds
385,Sao Francisco,BR,-15.9486,-44.8644,92.43,22,0,4.79,2022-04-20 17:43:56,light rain
386,Bowen,AU,-20.0167,148.2333,74.88,90,98,11.52,2022-04-20 17:43:57,overcast clouds
387,Praia Da Vitoria,PT,38.7333,-27.0667,63.75,82,75,3.94,2022-04-20 17:43:57,broken clouds
388,Tigil,RU,57.8,158.6667,1.45,99,41,3.53,2022-04-20 17:43:58,scattered clouds
389,Jalu,LY,29.0331,21.5482,71.62,18,2,8.63,2022-04-20 17:43:58,clear sky
390,Caravelas,BR,-17.7125,-39.2481,81.43,53,2,8.61,2022-04-20 17:43:59,clear sky
391,Guaraniacu,BR,-25.1008,-52.8781,75.51,42,1,3.49,2022-04-20 17:43:59,clear sky
392,Hokitika,NZ,-42.7167,170.9667,65.35,94,100,20.74,2022-04-20 17:44:00,moderate rain
393,Moranbah,AU,-22.0016,148.0466,69.4,90,46,9.69,2022-04-20 17:44:00,scattered clouds
394,Kapit,MY,2.0167,112.9333,74.03,99,95,0.54,2022-04-20 17:44:01,overcast clouds
395,Huicungo,PE,-7.2833,-76.8,86.25,70,75,5.75,2022-04-20 17:44:01,broken clouds
396,Ovalle,CL,-30.5983,-71.2003,76.03,33,7,5.35,2022-04-20 17:44:02,clear sky
397,Simbahan,PH,6.3032,120.5836,81.93,77,93,2.39,2022-04-20 17:44:02,overcast clouds
398,Beloha,MG,-25.1667,45.05,72.72,86,59,15.35,2022-04-20 17:44:03,broken clouds
399,Oxapampa,PE,-10.5775,-75.4017,73.2,59,90,5.61,2022-04-20 17:44:04,overcast clouds
400,Grand Gaube,MU,-20.0064,57.6608,77.4,87,77,1.01,2022-04-20 17:44:04,broken clouds
401,Rantepao,ID,-2.9701,119.8978,68.16,97,99,2.06,2022-04-20 17:44:05,overcast clouds
402,Fairbanks,US,64.8378,-147.7164,37.92,45,0,1.01,2022-04-20 17:44:05,clear sky
403,Saint-Dizier,FR,48.4167,5.0833,58.6,62,83,12.24,2022-04-20 17:44:06,broken clouds
404,Verkhoyansk,RU,67.5447,133.385,17.38,97,100,2.06,2022-04-20 17:44:07,overcast clouds
405,Ahuimanu,US,21.4447,-157.8378,74.35,76,40,10.36,2022-04-20 17:44:07,scattered clouds
406,Yichang,CN,30.7144,111.2847,59.27,90,0,3.8,2022-04-20 17:44:09,clear sky
407,Faanui,PF,-16.4833,-151.75,80.19,71,4,5.14,2022-04-20 17:44:09,clear sky
408,Lorengau,PG,-2.0226,147.2712,82.06,74,42,10.4,2022-04-20 17:44:10,scattered clouds
409,Okhotsk,RU,59.3833,143.3,17.42,91,93,5.84,2022-04-20 17:45:11,overcast clouds
410,Mount Gambier,AU,-37.8333,140.7667,49.91,93,100,3.44,2022-04-20 17:45:12,overcast clouds
411,Kattivakkam,IN,13.2167,80.3167,86.09,86,5,11.34,2022-04-20 17:45:12,clear sky
412,Salalah,OM,17.0151,54.0924,82.49,74,20,5.75,2022-04-20 17:45:13,few clouds
413,Port Moresby,PG,-9.4431,147.1797,76.42,100,75,5.75,2022-04-20 17:42:23,broken clouds
414,Sembe,CG,1.6481,14.5806,72.27,93,100,1.07,2022-04-20 17:45:14,overcast clouds
415,Nelson Bay,AU,-32.7167,152.15,58.08,83,0,6.71,2022-04-20 17:45:15,clear sky
416,Talcahuano,CL,-36.7167,-73.1167,58.68,67,20,11.5,2022-04-20 17:45:16,few clouds
417,Kysyl-Syr,RU,63.8986,122.7617,17.65,97,99,3.31,2022-04-20 17:45:16,overcast clouds
418,Houston,US,29.7633,-95.3633,83.41,72,75,26.46,2022-04-20 17:42:17,haze
419,Goderich,CA,43.7501,-81.7165,41.92,75,46,6.91,2022-04-20 17:45:17,scattered clouds
420,Tibati,CM,6.4667,12.6333,78.12,42,94,5.55,2022-04-20 17:45:18,overcast clouds
421,Basugaon,IN,26.4667,90.4,73.8,77,35,3.65,2022-04-20 17:45:19,scattered clouds
422,Kristiansund,NO,63.1115,7.732,55.45,58,0,4.61,2022-04-20 17:45:20,clear sky
423,Mazara Del Vallo,IT,37.6641,12.588,66.15,74,99,27.94,2022-04-20 17:45:20,overcast clouds
424,Owando,CG,-0.4819,15.8999,71.22,97,100,2.33,2022-04-20 17:45:21,overcast clouds
425,Sabla,NG,12.7525,4.7077,98.42,19,26,2.62,2022-04-20 17:45:21,scattered clouds
426,Lagoa,PT,39.05,-27.9833,58.59,61,87,3.91,2022-04-20 17:45:22,overcast clouds
427,Voh,NC,-20.9667,164.7,70.45,91,15,4.92,2022-04-20 17:45:23,few clouds
428,Kismayo,SO,-0.3582,42.5454,82.94,76,100,10.07,2022-04-20 17:45:23,light rain
429,Avera,US,33.194,-82.5271,69.31,40,16,11.01,2022-04-20 17:45:24,few clouds
430,Rawson,AR,-43.3002,-65.1023,62.94,31,100,8.81,2022-04-20 17:45:25,overcast clouds
431,Behbahan,IR,30.5959,50.2417,77.97,21,39,1.63,2022-04-20 17:45:25,scattered clouds
432,Evensk,RU,61.95,159.2333,18.54,95,98,4.63,2022-04-20 17:45:26,light snow
433,Acarau,BR,-2.8856,-40.12,83.28,75,63,12.73,2022-04-20 17:45:27,light rain
434,Kloulklubed,PW,7.0419,134.2556,77.5,83,100,18.23,2022-04-20 17:45:27,moderate rain
435,Muborak,UZ,39.2553,65.1528,62.73,61,49,7.47,2022-04-20 17:45:28,scattered clouds
436,Saint-Remi,CA,45.2668,-73.6159,45.46,58,90,14.0,2022-04-20 17:45:28,overcast clouds
437,Geraldton,AU,-28.7667,114.6,68.41,45,99,14.97,2022-04-20 17:45:29,overcast clouds
438,Doka,SD,13.5167,35.7667,96.98,18,70,5.41,2022-04-20 17:45:30,broken clouds
439,Ayan,RU,56.45,138.1667,25.66,92,80,8.3,2022-04-20 17:45:30,broken clouds
440,Melfi,IT,40.9965,15.6514,52.5,92,98,3.65,2022-04-20 17:45:31,overcast clouds
441,Pishin,PK,30.5803,66.9961,63.52,19,0,3.18,2022-04-20 17:44:29,clear sky
442,Aswan,EG,24.0934,32.907,87.1,10,0,13.8,2022-04-20 17:45:32,clear sky
443,Amapa,BR,1.0,-52.0,80.91,90,90,3.47,2022-04-20 17:45:32,overcast clouds
444,Zaoyang,CN,32.1272,112.7542,57.04,93,2,12.39,2022-04-20 17:45:33,clear sky
445,Prieska,ZA,-29.6641,22.7474,71.83,31,41,4.74,2022-04-20 17:45:34,scattered clouds
446,Malkangiri,IN,18.35,81.9,85.82,42,26,3.56,2022-04-20 17:45:34,scattered clouds
447,Inuvik,CA,68.3499,-133.7218,7.56,85,40,4.61,2022-04-20 17:45:35,scattered clouds
448,Lagunas,PE,-5.2269,-75.6753,76.87,95,97,2.68,2022-04-20 17:45:35,light rain
449,Tromso,NO,69.6496,18.957,46.42,71,0,5.99,2022-04-20 17:43:12,clear sky
450,Marawi,PH,7.9986,124.2928,69.22,94,80,1.79,2022-04-20 17:45:36,broken clouds
451,Les Herbiers,FR,46.8667,-1.0167,62.31,87,100,5.53,2022-04-20 17:45:37,overcast clouds
452,Kyra,RU,49.5776,111.9753,27.23,54,7,5.61,2022-04-20 17:45:37,clear sky
453,Bayan,CN,46.0833,127.4,63.86,28,77,22.62,2022-04-20 17:45:38,broken clouds
454,Tezu,IN,27.9167,96.1667,70.95,75,94,3.76,2022-04-20 17:45:38,overcast clouds
455,Inirida,CO,3.8653,-67.9239,84.13,66,100,3.4,2022-04-20 17:46:39,overcast clouds
456,Rawlins,US,41.7911,-107.2387,44.49,31,100,25.32,2022-04-20 17:46:39,overcast clouds
457,Georgetown,MY,5.4112,100.3354,80.53,99,20,2.3,2022-04-20 17:44:44,few clouds
458,Sawtell,AU,-30.3833,153.1,61.18,94,70,3.44,2022-04-20 17:46:40,broken clouds
459,Lakes Entrance,AU,-37.8811,147.981,56.59,79,45,13.27,2022-04-20 17:46:40,scattered clouds
460,Huarmey,PE,-10.0681,-78.1522,73.06,72,62,9.57,2022-04-20 17:46:41,broken clouds
461,Zeya,RU,53.75,127.2667,26.33,76,8,5.41,2022-04-20 17:46:42,clear sky
462,Kibre Mengist,ET,5.8833,38.9833,61.54,98,92,1.74,2022-04-20 17:46:42,moderate rain
463,Tessalit,ML,20.1986,1.0114,92.12,5,2,10.07,2022-04-20 17:46:43,clear sky
464,Vostok,RU,46.4856,135.8833,43.61,62,95,7.99,2022-04-20 17:46:43,overcast clouds
465,Mackay,AU,-21.15,149.2,74.68,94,75,17.27,2022-04-20 17:46:07,broken clouds
466,Pangkalanbuun,ID,-2.6833,111.6167,74.93,97,100,0.76,2022-04-20 17:46:44,overcast clouds
467,Noumea,NC,-22.2763,166.4572,77.0,99,23,1.21,2022-04-20 17:46:45,few clouds
468,Balaipungut,ID,1.05,101.2833,75.06,97,99,1.81,2022-04-20 17:46:00,overcast clouds
469,Kangaba,ML,11.9333,-8.4167,102.54,7,90,5.46,2022-04-20 17:46:46,overcast clouds
470,Mikkeli,FI,61.6886,27.2723,53.71,50,0,3.44,2022-04-20 17:46:46,clear sky
471,Uppsala,SE,60.0,17.75,53.11,54,85,11.5,2022-04-20 17:46:46,overcast clouds
472,Klaksvik,FO,62.2266,-6.589,47.32,93,26,18.7,2022-04-20 17:46:47,scattered clouds
473,Harper,LR,4.375,-7.7169,82.78,75,51,8.5,2022-04-20 17:46:47,broken clouds
474,Noyabrsk,RU,63.1994,75.4507,11.82,93,73,11.61,2022-04-20 17:46:48,broken clouds
475,Rafai,CF,4.95,23.9167,75.04,77,92,2.59,2022-04-20 17:46:48,light rain
476,Odesskoye,RU,54.2111,72.9651,45.09,81,100,7.74,2022-04-20 17:46:49,light rain
477,Lima,PE,-12.0432,-77.0282,70.05,68,0,10.36,2022-04-20 17:43:41,clear sky
478,Sioux Lookout,CA,50.1001,-91.917,32.07,80,100,11.5,2022-04-20 17:45:07,overcast clouds
479,Gladstone,AU,-23.85,151.25,70.79,88,9,5.75,2022-04-20 17:46:50,clear sky
480,Mahanje,TZ,-9.9333,35.3333,63.95,96,75,1.77,2022-04-20 17:46:51,light rain
481,Banda Aceh,ID,5.5577,95.3222,79.9,81,100,5.41,2022-04-20 17:46:51,overcast clouds
482,Tando Jam,PK,25.4272,68.5362,84.97,52,6,14.36,2022-04-20 17:46:52,clear sky
483,Comodoro Rivadavia,AR,-45.8667,-67.5,62.46,31,0,18.41,2022-04-20 17:46:52,clear sky
484,Satipo,PE,-11.2522,-74.6386,89.83,45,92,1.99,2022-04-20 17:46:52,overcast clouds
485,Kirakira,SB,-10.4544,161.9205,78.87,86,97,5.99,2022-04-20 17:43:22,overcast clouds
486,Yakeshi,CN,49.2833,120.7333,34.05,39,82,2.64,2022-04-20 17:46:53,broken clouds
487,Djambala,CG,-2.5447,14.7533,70.99,83,98,7.11,2022-04-20 17:46:54,moderate rain
488,Moroni,KM,-11.7022,43.2551,84.2,70,20,3.44,2022-04-20 17:46:54,light rain
489,Mareeba,AU,-17.0,145.4333,72.45,87,99,2.35,2022-04-20 17:46:55,overcast clouds
490,West Bay,KY,19.3667,-81.4167,86.07,62,40,18.41,2022-04-20 17:46:55,scattered clouds
491,Wani,IN,20.0667,78.95,96.76,14,13,4.36,2022-04-20 17:46:56,few clouds
492,Santa Marta,CO,11.2408,-74.199,86.05,74,40,5.75,2022-04-20 17:46:56,scattered clouds
493,Anadyr,RU,64.75,177.4833,30.7,86,75,4.47,2022-04-20 17:46:57,light snow
494,Sawakin,SD,19.1059,37.3321,80.51,75,4,13.76,2022-04-20 17:46:57,clear sky
495,Baijiantan,CN,45.6333,85.1833,60.69,21,79,16.58,2022-04-20 17:46:58,broken clouds
496,Wilmington,US,34.2257,-77.9447,66.85,42,0,9.22,2022-04-20 17:43:16,clear sky
497,Pavlovsk,RU,50.4578,40.1081,47.57,88,94,8.52,2022-04-20 17:46:59,overcast clouds
498,Virtsu,EE,58.5716,23.5115,53.98,44,100,12.8,2022-04-20 17:46:59,overcast clouds
499,Bayji,IQ,34.9311,43.487,75.33,16,18,14.45,2022-04-20 17:47:00,few clouds
500,Chlorakas,CY,34.8042,32.4083,59.88,63,20,12.66,2022-04-20 17:47:00,few clouds
501,Sassandra,CI,4.95,-6.0833,79.79,88,100,8.16,2022-04-20 17:47:01,overcast clouds
502,Luderitz,NA,-26.6481,15.1594,71.71,41,29,4.32,2022-04-20 17:46:08,scattered clouds
503,Maria Aurora,PH,15.7967,121.4737,73.06,96,47,1.63,2022-04-20 17:48:02,scattered clouds
504,Tangi,PK,34.3006,71.6536,80.6,45,81,6.24,2022-04-20 17:48:03,broken clouds
505,Petrokamenskoye,RU,57.716,60.6484,37.31,89,98,8.28,2022-04-20 17:48:04,overcast clouds
506,Komsomolskiy,UZ,40.4272,71.7189,63.32,67,100,4.61,2022-04-20 17:48:04,overcast clouds
507,Bud,US,39.447,-86.1758,61.68,50,97,13.94,2022-04-20 17:48:05,overcast clouds
508,Usinsk,RU,65.9939,57.5281,18.25,87,77,14.0,2022-04-20 17:48:06,broken clouds
509,Aasiaat,GL,68.7098,-52.8699,4.91,73,11,11.3,2022-04-20 17:48:06,few clouds
510,Praia,CV,14.9215,-23.5087,79.34,57,0,18.41,2022-04-20 17:48:07,clear sky
511,Ibiruba,BR,-28.6275,-53.0897,77.47,40,1,3.47,2022-04-20 17:48:08,clear sky
512,Saint-Augustin,CA,51.226,-58.6502,35.67,100,100,13.35,2022-04-20 17:48:08,overcast clouds
513,Vestmannaeyjar,IS,63.4427,-20.2734,47.39,93,100,13.8,2022-04-20 17:48:09,drizzle
514,Sangar,RU,63.9242,127.4739,14.83,98,100,1.07,2022-04-20 17:48:10,overcast clouds
515,Leningradskiy,RU,69.3833,178.4167,11.23,93,94,3.51,2022-04-20 17:48:11,overcast clouds
516,Konstantinovskoye,RU,45.2992,42.6367,43.38,72,96,8.77,2022-04-20 17:48:12,overcast clouds
517,Mozarlandia,BR,-14.7447,-50.5706,90.79,39,9,5.5,2022-04-20 17:48:12,clear sky
518,Port-Cartier,CA,50.0334,-66.8654,39.74,98,100,8.61,2022-04-20 17:48:13,overcast clouds
519,Kununurra,AU,-15.7667,128.7333,75.18,78,100,0.0,2022-04-20 17:48:13,overcast clouds
520,Maniitsoq,GL,65.4167,-52.9,20.19,53,27,5.48,2022-04-20 17:48:14,scattered clouds
521,Taraz,KZ,42.9,71.3667,55.81,88,100,2.24,2022-04-20 17:48:15,mist
522,Obo,CF,5.3998,26.4869,72.27,88,100,4.52,2022-04-20 17:48:16,light rain
523,Banyo,CM,6.75,11.8167,77.09,54,99,4.07,2022-04-20 17:48:16,overcast clouds
524,Chichimila,MX,20.6167,-88.2167,95.85,25,1,5.97,2022-04-20 17:48:18,clear sky
525,Kabare,CD,-2.4683,28.8242,60.35,98,100,1.25,2022-04-20 17:48:18,light rain
526,Juneau,US,58.3019,-134.4197,46.85,63,75,0.0,2022-04-20 17:45:30,broken clouds
527,Smithers,CA,54.7804,-127.1743,34.12,80,75,3.44,2022-04-20 17:48:19,broken clouds
528,Norwich,GB,52.6278,1.2983,55.27,49,0,13.8,2022-04-20 17:47:06,clear sky
529,Mandera,KE,3.9366,41.867,86.32,54,62,9.37,2022-04-20 17:48:21,broken clouds
530,Flinders,AU,-34.5833,150.8552,58.05,79,0,1.99,2022-04-20 17:48:21,clear sky
531,Stabat,ID,3.761,98.4513,79.0,98,98,2.8,2022-04-20 17:48:22,moderate rain
532,Pedernales,DO,18.0384,-71.744,81.59,69,100,2.66,2022-04-20 17:48:22,overcast clouds
533,Nisia Floresta,BR,-6.0911,-35.2086,88.61,60,97,11.45,2022-04-20 17:48:24,overcast clouds
534,Ebeltoft,DK,56.1944,10.6821,57.22,54,91,6.91,2022-04-20 17:48:24,overcast clouds
535,Abay,KZ,49.6311,72.8539,48.58,57,97,7.76,2022-04-20 17:48:25,overcast clouds
536,Makakilo City,US,21.3469,-158.0858,73.69,71,0,10.36,2022-04-20 17:48:25,clear sky
537,Leshukonskoye,RU,64.8989,45.7622,24.19,93,52,3.98,2022-04-20 17:48:26,broken clouds
538,Marovoay,MG,-16.1,46.6333,80.1,74,63,1.74,2022-04-20 17:48:27,light rain
539,Qaqortoq,GL,60.7167,-46.0333,32.31,52,68,3.89,2022-04-20 17:44:18,broken clouds
540,Amuntai,ID,-2.4177,115.2494,73.9,98,87,1.59,2022-04-20 17:48:27,overcast clouds
541,Yacuiba,BO,-22.038,-63.6797,86.77,62,20,0.0,2022-04-20 17:48:28,few clouds
542,Ust-Ishim,RU,57.6935,71.1665,39.25,92,100,3.87,2022-04-20 17:48:28,overcast clouds
543,Carutapera,BR,-1.195,-46.02,84.67,70,96,6.71,2022-04-20 17:49:29,overcast clouds
544,Gorin,RU,51.1983,136.6669,32.27,94,100,7.83,2022-04-20 17:49:30,light snow
545,Mecca,SA,21.4267,39.8261,86.23,43,1,7.61,2022-04-20 17:49:30,clear sky
546,Jangaon,IN,17.7167,79.1833,86.9,49,68,12.17,2022-04-20 17:49:31,broken clouds
547,Inhambane,MZ,-23.865,35.3833,75.18,88,75,9.22,2022-04-20 17:49:32,broken clouds
548,Tambacounda,SN,13.7539,-13.7586,105.85,16,0,4.61,2022-04-20 17:49:32,clear sky
549,Kovdor,RU,67.5662,30.4758,37.33,99,100,3.78,2022-04-20 17:49:33,overcast clouds
550,Lompoc,US,34.6391,-120.4579,67.84,64,0,13.0,2022-04-20 17:49:33,clear sky
551,Arman,RU,59.7,150.1667,16.84,92,85,7.7,2022-04-20 17:49:34,overcast clouds
552,Bairnsdale,AU,-37.8333,147.6167,53.11,87,41,7.11,2022-04-20 17:49:34,scattered clouds
553,Uddiawan,PH,16.5589,121.1512,71.4,96,15,1.59,2022-04-20 17:49:35,few clouds
554,Camocim,BR,-2.9022,-40.8411,82.8,80,51,9.4,2022-04-20 17:49:36,broken clouds
555,Divnomorskoye,RU,44.5011,38.1353,43.84,83,29,2.71,2022-04-20 17:49:36,scattered clouds
556,Matay,EG,28.419,30.7792,71.91,26,0,10.85,2022-04-20 17:49:37,clear sky
557,Sortland,NO,68.6949,15.4162,44.56,81,18,6.24,2022-04-20 17:49:37,few clouds
558,Bonavista,CA,48.6499,-53.1147,38.95,85,98,30.04,2022-04-20 17:49:38,overcast clouds
559,Ariguani,CO,10.25,-74.0,84.79,66,83,5.44,2022-04-20 17:49:38,broken clouds
560,Jaisalmer,IN,26.9147,70.9181,90.12,21,91,18.81,2022-04-20 17:45:11,overcast clouds
561,Fuerte Olimpo,PY,-21.0415,-57.8738,96.4,25,13,8.59,2022-04-20 17:49:39,few clouds
562,Olpad,IN,21.3333,72.75,84.18,49,78,6.22,2022-04-20 17:49:40,broken clouds
563,Chernyshkovskiy,RU,48.4219,42.2308,50.23,88,79,13.56,2022-04-20 17:49:40,broken clouds
564,Kyabe,TD,9.4515,18.9449,92.14,20,99,5.48,2022-04-20 17:49:41,overcast clouds
565,Reitz,ZA,-27.8014,28.4273,54.21,54,2,4.5,2022-04-20 17:49:41,clear sky
566,Den Helder,NL,52.9599,4.7593,56.98,71,0,21.0,2022-04-20 17:49:42,clear sky
567,Eureka,US,40.8021,-124.1637,51.21,88,100,17.47,2022-04-20 17:49:43,overcast clouds
568,Emden,DE,53.3667,7.2167,59.97,79,20,9.82,2022-04-20 17:49:44,few clouds
569,Dzilam Gonzalez,MX,21.2833,-88.9333,94.28,30,0,6.35,2022-04-20 17:49:44,clear sky
570,Mahanoro,MG,-19.9,48.8,75.51,91,38,4.92,2022-04-20 17:49:45,light rain
571,Taoudenni,ML,22.6783,-3.9836,99.48,7,6,16.91,2022-04-20 17:49:45,clear sky
572,Okha,RU,53.5739,142.9478,31.53,97,100,11.59,2022-04-20 17:49:46,overcast clouds
573,Nipawin,CA,53.3668,-104.0009,33.84,86,100,17.27,2022-04-20 17:49:47,overcast clouds
574,Ilebo,CD,-4.3167,20.5833,72.01,98,100,4.81,2022-04-20 17:49:47,moderate rain
575,Rio Gallegos,AR,-51.6226,-69.2181,60.85,31,40,23.02,2022-04-20 17:49:48,scattered clouds
576,Ruteng,ID,-8.6136,120.4721,63.16,93,99,2.37,2022-04-20 17:49:48,overcast clouds
577,Brnakot,AM,39.497,45.9731,50.76,80,85,5.39,2022-04-20 17:49:49,light rain
578,Freetown,SL,8.484,-13.2299,82.11,74,20,10.36,2022-04-20 17:49:49,few clouds
579,Znamenskoye,RU,57.1281,73.8282,39.33,86,94,5.19,2022-04-20 17:49:50,overcast clouds
580,Borba,BR,-4.3878,-59.5939,80.37,92,100,3.24,2022-04-20 17:49:51,light rain
581,Kem,RU,64.9555,34.5793,33.33,87,79,5.14,2022-04-20 17:49:51,broken clouds
582,Orange Cove,US,36.6244,-119.3137,69.62,46,15,4.65,2022-04-20 17:49:52,few clouds
583,Kemi,FI,65.8596,24.8228,44.37,65,0,2.3,2022-04-20 17:49:52,clear sky
584,Rio Grande,BR,-32.035,-52.0986,80.71,62,0,9.75,2022-04-20 17:49:53,clear sky
585,Vila,PT,42.0304,-8.1588,49.08,46,55,9.73,2022-04-20 17:49:54,broken clouds
586,Telfs,AT,47.3,11.0667,56.68,84,28,3.04,2022-04-20 17:49:54,scattered clouds
587,Arkhangelsk,RU,64.5401,40.5433,33.12,69,0,2.24,2022-04-20 17:49:55,clear sky
588,Oga,IT,46.4631,10.347,47.08,91,74,3.62,2022-04-20 17:49:56,broken clouds
589,Manicore,BR,-5.8092,-61.3003,82.26,87,100,2.84,2022-04-20 17:50:56,overcast clouds
590,Lewiston,US,44.1003,-70.2148,52.25,51,100,16.11,2022-04-20 17:46:31,overcast clouds
591,Guarapari,BR,-20.6667,-40.4975,78.89,64,0,10.22,2022-04-20 17:50:57,clear sky
592,Guerrero Negro,MX,27.9769,-114.0611,67.32,61,100,18.75,2022-04-20 17:50:58,overcast clouds
593,Oranjemund,NA,-28.55,16.4333,69.26,48,9,3.87,2022-04-20 17:50:58,clear sky
594,Waipawa,NZ,-41.4122,175.5153,58.82,85,100,6.76,2022-04-20 17:50:59,overcast clouds
595,Taiyuan,CN,37.8694,112.5603,55.26,41,0,6.71,2022-04-20 17:50:59,clear sky
596,Oswego,US,43.4501,-76.1497,47.91,60,7,3.0,2022-04-20 17:51:00,clear sky
597,Touros,BR,-5.1989,-35.4608,85.23,65,92,14.07,2022-04-20 17:51:00,overcast clouds
598,Kraslava,LV,55.8951,27.168,51.15,63,59,12.91,2022-04-20 17:51:01,broken clouds
599,Kon Tum,VN,14.35,108.0,67.26,95,4,2.55,2022-04-20 17:51:02,clear sky
600,Vadso,NO,70.0744,29.7487,45.48,81,0,4.61,2022-04-20 17:51:02,clear sky
601,Sibolga,ID,1.7427,98.7792,76.21,90,87,2.68,2022-04-20 17:51:03,heavy intensity rain
602,Mugla,TR,37.2303,28.3557,44.6,78,3,2.17,2022-04-20 17:51:04,clear sky
603,Joao Pinheiro,BR,-17.7425,-46.1725,86.47,30,2,1.32,2022-04-20 17:51:05,clear sky
604,Coahuayana,MX,18.7333,-103.6833,91.09,35,0,7.67,2022-04-20 17:51:05,clear sky
605,Khon Kaen,TH,16.5,102.0833,80.26,56,31,2.77,2022-04-20 17:51:06,scattered clouds
606,Moose Factory,CA,51.2585,-80.6094,41.0,35,0,6.91,2022-04-20 17:51:07,clear sky
607,Leh,IN,34.1667,77.5833,44.19,40,90,6.4,2022-04-20 17:49:12,overcast clouds
608,Ust-Maya,RU,60.4167,134.5333,18.5,100,100,1.25,2022-04-20 17:51:08,overcast clouds
609,Viedma,AR,-40.8135,-62.9967,59.09,63,100,12.12,2022-04-20 17:51:09,overcast clouds
610,Camacha,PT,33.0833,-16.3333,58.42,72,75,19.57,2022-04-20 17:51:10,broken clouds
611,La Masica,HN,15.6167,-87.1167,87.53,51,1,7.05,2022-04-20 17:51:10,clear sky
612,Culebra,PR,18.303,-65.301,82.49,74,48,11.99,2022-04-20 17:51:11,scattered clouds
613,Ardakan,IR,32.31,54.0175,78.01,11,98,3.49,2022-04-20 17:51:12,overcast clouds
614,Lerwick,GB,60.1545,-1.1494,48.2,82,33,11.45,2022-04-20 17:51:12,scattered clouds
615,Shache,CN,38.4167,77.2406,73.74,15,99,4.29,2022-04-20 17:51:13,overcast clouds
616,Nema,RU,57.5067,50.5011,34.97,99,91,7.2,2022-04-20 17:51:14,overcast clouds
617,Mulchen,CL,-37.7167,-72.2333,60.66,35,11,4.14,2022-04-20 17:51:15,few clouds
618,Fayaoue,NC,-20.65,166.5333,78.55,74,29,14.97,2022-04-20 17:51:16,scattered clouds
619,Presidencia Roque Saenz Pena,AR,-26.7852,-60.4388,76.01,60,94,7.05,2022-04-20 17:51:16,overcast clouds
620,Huanren,CN,41.2647,125.3667,47.66,77,0,7.2,2022-04-20 17:51:17,clear sky
621,Severo-Kurilsk,RU,50.6789,156.125,31.26,86,94,3.98,2022-04-20 17:51:18,overcast clouds
622,Kumluca,TR,36.3703,30.2869,60.42,73,17,3.62,2022-04-20 17:51:19,few clouds
623,Raha,IN,26.2333,92.5167,75.18,70,61,1.12,2022-04-20 17:51:19,broken clouds
624,Nadym,RU,65.5333,72.5167,5.25,88,99,18.75,2022-04-20 17:51:20,overcast clouds
625,Mangaluru,IN,12.8667,74.8833,85.06,79,20,3.44,2022-04-20 17:51:22,few clouds
626,Trairi,BR,-3.2778,-39.2689,81.86,84,86,9.55,2022-04-20 17:51:23,overcast clouds
627,Morondava,MG,-20.2833,44.2833,81.46,80,25,11.56,2022-04-20 17:51:25,scattered clouds
628,Scarborough,GB,54.2797,-0.4044,52.34,85,100,4.0,2022-04-20 17:47:40,overcast clouds
629,Tulle,FR,45.3333,1.8333,51.98,97,97,2.06,2022-04-20 17:51:25,light rain
630,Mao,ES,39.8885,4.2658,59.56,72,20,9.22,2022-04-20 17:51:26,few clouds
631,Yar-Sale,RU,66.8333,70.8333,6.15,87,100,23.62,2022-04-20 17:51:26,overcast clouds
632,Santa Maria,BR,-29.6842,-53.8069,79.9,54,20,10.36,2022-04-20 17:51:27,few clouds
633,Shingu,JP,33.7333,135.9833,57.67,72,100,4.76,2022-04-20 17:47:49,overcast clouds
634,Simoes,BR,-7.5989,-40.8178,88.36,43,68,11.34,2022-04-20 17:51:28,broken clouds
635,Skjervoy,NO,70.0311,20.9714,44.6,84,44,4.83,2022-04-20 17:51:28,scattered clouds
636,Verkhnevilyuysk,RU,63.4453,120.3167,19.81,96,99,5.21,2022-04-20 17:51:29,overcast clouds
637,Shizunai,JP,42.3339,142.3669,43.66,61,41,5.14,2022-04-20 17:52:29,scattered clouds
638,Xinqing,CN,48.2333,129.5,43.25,87,96,6.38,2022-04-20 17:52:30,overcast clouds
639,Rodrigues Alves,BR,-7.738,-72.6509,80.8,83,82,1.79,2022-04-20 17:52:31,broken clouds
640,Gbarnga,LR,6.9956,-9.4722,76.1,88,100,6.08,2022-04-20 17:52:31,moderate rain
641,Tapes,BR,-30.6733,-51.3958,72.61,60,2,5.26,2022-04-20 17:52:32,clear sky
642,Statesville,US,35.7826,-80.8873,63.63,38,0,6.91,2022-04-20 17:52:32,clear sky
643,Alice Springs,AU,-23.7,133.8833,49.55,57,26,0.0,2022-04-20 17:52:33,scattered clouds
644,Brae,GB,60.3964,-1.353,47.89,75,53,10.94,2022-04-20 17:52:33,broken clouds
645,Aklavik,CA,68.2191,-135.0107,8.6,92,40,2.3,2022-04-20 17:52:34,fog
646,Vizinga,RU,61.0749,50.1031,33.28,77,100,6.17,2022-04-20 17:52:37,overcast clouds
647,Hope,US,33.6671,-93.5916,64.45,95,100,15.41,2022-04-20 17:52:02,moderate rain
648,Tahta,EG,26.7693,31.5021,75.02,20,2,16.35,2022-04-20 17:52:38,clear sky
649,Jega,NG,12.2175,4.3792,99.18,21,28,7.29,2022-04-20 17:52:38,scattered clouds
650,Beringovskiy,RU,63.05,179.3167,18.81,100,90,3.15,2022-04-20 17:52:39,overcast clouds
651,Kangaatsiaq,GL,68.3065,-53.4641,7.32,72,12,11.88,2022-04-20 17:52:39,few clouds
652,Glenwood Springs,US,39.5505,-107.3248,62.4,40,100,10.36,2022-04-20 17:52:39,overcast clouds
653,Ontario,US,34.0633,-117.6509,67.41,67,100,4.61,2022-04-20 17:52:40,overcast clouds
654,Kostomuksha,RU,64.571,30.5767,42.3,97,95,3.09,2022-04-20 17:52:37,overcast clouds
655,Petauke,ZM,-14.2426,31.3253,65.46,77,93,9.13,2022-04-20 17:52:41,overcast clouds
656,Antofagasta,CL,-23.65,-70.4,65.48,67,6,9.69,2022-04-20 17:52:41,clear sky
657,Barras,BR,-4.2444,-42.2944,85.28,72,66,2.8,2022-04-20 17:52:42,broken clouds
658,Kokopo,PG,-4.352,152.2633,77.25,83,89,3.36,2022-04-20 17:52:42,overcast clouds
659,Kavali,IN,14.9167,79.9833,80.62,88,11,12.84,2022-04-20 17:52:43,few clouds
660,Punto Fijo,VE,11.6956,-70.1996,82.69,70,64,3.83,2022-04-20 17:52:43,broken clouds
661,Stornoway,GB,58.2093,-6.3865,55.04,64,0,6.91,2022-04-20 17:52:44,clear sky
662,Dunmore Town,BS,25.5,-76.65,74.26,78,48,26.66,2022-04-20 17:52:44,scattered clouds
663,Roald,NO,62.5833,6.1333,59.92,76,0,11.5,2022-04-20 17:52:45,clear sky
664,Nome,US,64.5011,-165.4064,26.67,74,0,0.0,2022-04-20 17:52:45,clear sky
665,Kayerkan,RU,69.3497,87.7602,-3.03,98,67,6.08,2022-04-20 17:52:46,broken clouds
666,Sire,NG,12.9299,5.2043,98.22,20,26,3.74,2022-04-20 17:52:46,scattered clouds
667,Katiola,CI,8.1333,-5.1,88.43,57,100,3.83,2022-04-20 17:52:47,overcast clouds
668,Iaciara,BR,-14.0958,-46.6317,89.49,34,13,5.86,2022-04-20 17:52:47,few clouds
669,Momostenango,GT,15.0436,-91.4086,77.43,27,0,3.49,2022-04-20 17:52:48,clear sky
670,Vanavara,RU,60.34,102.2797,13.5,96,32,3.8,2022-04-20 17:52:48,scattered clouds
671,Jumla,NP,29.2747,82.1838,53.02,63,8,4.47,2022-04-20 17:52:49,clear sky
672,Khandyga,RU,62.6667,135.6,21.04,98,100,0.51,2022-04-20 17:52:49,light snow
673,Innisfail,AU,-17.5333,146.0333,73.36,93,99,5.75,2022-04-20 17:52:50,light rain
674,Fort Wellington,GY,6.4,-57.6,83.03,59,100,7.23,2022-04-20 17:52:50,overcast clouds
675,Nyagan,RU,62.1406,65.3936,20.71,79,58,8.28,2022-04-20 17:52:51,broken clouds
676,Gandai,IN,21.6667,81.1,90.66,15,41,3.31,2022-04-20 17:52:51,scattered clouds
677,Cotonou,BJ,6.3654,2.4183,85.98,74,20,16.11,2022-04-20 17:52:52,few clouds
678,Asmara,ER,15.3333,38.9333,65.93,58,32,6.24,2022-04-20 17:52:53,scattered clouds
679,Panacan,PH,9.2463,118.4082,80.37,83,100,5.75,2022-04-20 17:52:53,overcast clouds
680,Olafsvik,IS,64.8945,-23.7142,44.6,88,100,15.64,2022-04-20 17:52:54,overcast clouds
681,Lodja,CD,-3.4833,23.4333,71.15,98,94,0.85,2022-04-20 17:52:54,overcast clouds
